﻿<?xml version="1.0" encoding="UTF-8"?>
<root>

 <delivery options="1-点餐(外卖+到店扫码点餐),2-收银"/>
<nature options="1-点餐外卖,2-非餐饮在线下单"/>
 <pay options="支付宝微信一码付,普通商户号,小微商户号,收银产品"/>

 <unit options="件,份,小份,中份,大份,只,半只,斤,公斤,碗,小碗,大碗,瓶,小瓶,大瓶,锅,小锅,中锅,大锅,个,块,两,头,杯,灶,串,包,盒,打,罐,间,套,枝,朵,架,把,头,匹,盎司,桶,次"/>
 <category options="水果-01,蔬菜-02,肉类-03,水产生鲜-04,菜肴-05,饮料-06,酒类-07,药品-08,服装-09,五金-10,电器-11"/>
 
 <!-- 一键模板 -->
  <shop options="默认店铺名称|020XXXXXXX|食材好，干净卫生，价格优惠，诚信服务，欢迎前来品尝!|广东省XX市XX区XXXXXX|shop/shop_default.jpg"/>
  <sort options="类别1-1,类别2-2,类别3-3"/>
  <merchandise  options="merchandise/mer_default-01.jpg|2|08|香味四溢 口感极佳  款待宾客首选|默认菜品1|1.00|份,merchandise/mer_default-02.jpg|2|08|香味四溢 口感极佳  款待宾客首选|默认菜品2|0.50|份,merchandise/mer_default-03.jpg|2|08|香味四溢 口感极佳  款待宾客首选|默认菜品3|1.50|份"/>
  <terminal options="Table01|1号桌,Table02|2号桌,Table03|3号桌"/>
  
</root>
